{
    "name": "root",
    "gauges": {
        "RollerBall.Policy.Entropy.mean": {
            "value": 1.4189382791519165,
            "min": 1.418938159942627,
            "max": 1.4189382791519165,
            "count": 5
        },
        "RollerBall.Policy.Entropy.sum": {
            "value": 1406.1678466796875,
            "min": 1238.733154296875,
            "max": 1460.08740234375,
            "count": 5
        },
        "RollerBall.Environment.EpisodeLength.mean": {
            "value": 27.09090909090909,
            "min": 24.525,
            "max": 27.09090909090909,
            "count": 5
        },
        "RollerBall.Environment.EpisodeLength.sum": {
            "value": 894.0,
            "min": 839.0,
            "max": 991.0,
            "count": 5
        },
        "RollerBall.Step.mean": {
            "value": 10949.0,
            "min": 6978.0,
            "max": 10949.0,
            "count": 5
        },
        "RollerBall.Step.sum": {
            "value": 10949.0,
            "min": 6978.0,
            "max": 10949.0,
            "count": 5
        },
        "RollerBall.Policy.ExtrinsicValueEstimate.mean": {
            "value": -0.40146127343177795,
            "min": -0.40146127343177795,
            "max": -0.1156519427895546,
            "count": 5
        },
        "RollerBall.Policy.ExtrinsicValueEstimate.sum": {
            "value": -14.05114459991455,
            "min": -14.05114459991455,
            "max": -4.626077651977539,
            "count": 5
        },
        "RollerBall.Environment.CumulativeReward.mean": {
            "value": 0.29411764705882354,
            "min": 0.16666666666666666,
            "max": 0.29411764705882354,
            "count": 5
        },
        "RollerBall.Environment.CumulativeReward.sum": {
            "value": 10.0,
            "min": 6.0,
            "max": 11.0,
            "count": 5
        },
        "RollerBall.Policy.ExtrinsicReward.mean": {
            "value": 0.29411764705882354,
            "min": 0.16666666666666666,
            "max": 0.29411764705882354,
            "count": 5
        },
        "RollerBall.Policy.ExtrinsicReward.sum": {
            "value": 10.0,
            "min": 6.0,
            "max": 11.0,
            "count": 5
        },
        "RollerBall.IsTraining.mean": {
            "value": 1.0,
            "min": 1.0,
            "max": 1.0,
            "count": 5
        },
        "RollerBall.IsTraining.sum": {
            "value": 1.0,
            "min": 1.0,
            "max": 1.0,
            "count": 5
        }
    },
    "metadata": {
        "timer_format_version": "0.1.0",
        "start_time_seconds": "1657795823",
        "python_version": "3.9.6 (tags/v3.9.6:db3ff76, Jun 28 2021, 15:26:21) [MSC v.1929 64 bit (AMD64)]",
        "command_line_arguments": "D:\\New folder (6)\\T-Juntion\\.venv\\Scripts\\mlagents-learn results/RollerBall/configuration.yaml --resume",
        "mlagents_version": "0.28.0",
        "mlagents_envs_version": "0.28.0",
        "communication_protocol_version": "1.5.0",
        "pytorch_version": "1.12.0+cpu",
        "numpy_version": "1.23.1",
        "end_time_seconds": "1657795945"
    },
    "total": 122.5605592,
    "count": 1,
    "self": 0.014250300000000493,
    "children": {
        "run_training.setup": {
            "total": 0.20033659999999998,
            "count": 1,
            "self": 0.20033659999999998
        },
        "TrainerController.start_learning": {
            "total": 122.3459723,
            "count": 1,
            "self": 0.21507640000001516,
            "children": {
                "TrainerController._reset_env": {
                    "total": 12.330815699999999,
                    "count": 1,
                    "self": 12.330815699999999
                },
                "TrainerController.advance": {
                    "total": 109.66787379999998,
                    "count": 5912,
                    "self": 0.19106749999976103,
                    "children": {
                        "env_step": {
                            "total": 107.6839133000001,
                            "count": 5912,
                            "self": 99.28393170000015,
                            "children": {
                                "SubprocessEnvManager._take_step": {
                                    "total": 8.267893500000465,
                                    "count": 5912,
                                    "self": 0.5624609000009393,
                                    "children": {
                                        "TorchPolicy.evaluate": {
                                            "total": 7.705432599999526,
                                            "count": 5725,
                                            "self": 1.5609334999989954,
                                            "children": {
                                                "TorchPolicy.sample_actions": {
                                                    "total": 6.14449910000053,
                                                    "count": 5725,
                                                    "self": 6.14449910000053
                                                }
                                            }
                                        }
                                    }
                                },
                                "workers": {
                                    "total": 0.132088099999482,
                                    "count": 5911,
                                    "self": 0.0,
                                    "children": {
                                        "worker_root": {
                                            "total": 78.45075529999971,
                                            "count": 5911,
                                            "is_parallel": true,
                                            "self": 18.922497499999793,
                                            "children": {
                                                "steps_from_proto": {
                                                    "total": 0.0017686999999995123,
                                                    "count": 1,
                                                    "is_parallel": true,
                                                    "self": 0.00021570000000004086,
                                                    "children": {
                                                        "_process_rank_one_or_two_observation": {
                                                            "total": 0.0015529999999994715,
                                                            "count": 2,
                                                            "is_parallel": true,
                                                            "self": 0.0015529999999994715
                                                        }
                                                    }
                                                },
                                                "UnityEnvironment.step": {
                                                    "total": 59.52648909999992,
                                                    "count": 5911,
                                                    "is_parallel": true,
                                                    "self": 0.7268743999991472,
                                                    "children": {
                                                        "UnityEnvironment._generate_step_input": {
                                                            "total": 0.5713219000002425,
                                                            "count": 5911,
                                                            "is_parallel": true,
                                                            "self": 0.5713219000002425
                                                        },