{"count":1,"self":55.143775999999995,"total":230.1250646,"children":{"InitializeActuators":{"count":12,"self":0.0029774,"total":0.0029774,"children":null},"InitializeSensors":{"count":12,"self":0.0020273,"total":0.0020273,"children":null},"AgentSendState":{"count":57217,"self":0.84969129999999993,"total":5.4540125,"children":{"CollectObservations":{"count":137328,"self":0.56393989999999994,"total":0.56393989999999994,"children":null},"WriteActionMask":{"count":137328,"self":0.11394309999999999,"total":0.11394309999999999,"children":null},"RequestDecision":{"count":137328,"self":0.6070605,"total":3.9264381999999998,"children":{"AgentInfo.ToProto":{"count":137328,"self":0.6655592,"total":3.3193777,"children":{"GenerateSensorData":{"count":137328,"self":2.6538184,"total":2.6538185,"children":null}}}}}}},"DecideAction":{"count":57217,"self":162.91736319999998,"total":162.91735699999998,"children":null},"AgentAct":{"count":57217,"self":6.3927464,"total":6.6019166999999994,"children":{"AgentInfo.ToProto":{"count":4240,"self":0.043185499999999995,"total":0.20917039999999998,"children":{"GenerateSensorData":{"count":4240,"self":0.1659849,"total":0.1659849,"children":null}}}}}},"gauges":{"3DBall.CumulativeReward":{"count":4240,"max":26.80007,"min":1.41561031E-07,"runningAverage":2.19872427,"value":2.89999843,"weightedAverage":3.59603047}},"metadata":{"timer_format_version":"0.1.0","start_time_seconds":"1657710140","unity_version":"2020.3.33f1","command_line_arguments":"C:\\Program Files\\Unity\\Hub\\Editor\\2020.3.33f1\\Editor\\Unity.exe -projectPath D:\\New folder (6)\\T-Juntion","communication_protocol_version":"1.5.0","com.unity.ml-agents_version":"2.2.1-exp.1","scene_name":"3DBall","end_time_seconds":"1657710370"}}