{"count":1,"self":582.7244544,"total":594.985558,"children":{"InitializeActuators":{"count":1,"self":0.0030204999999999997,"total":0.0030204999999999997,"children":null},"InitializeSensors":{"count":1,"self":0.0019995,"total":0.0019995,"children":null},"AgentSendState":{"count":801,"self":0.015583099999999999,"total":0.11583299999999999,"children":{"CollectObservations":{"count":801,"self":0.0060218999999999993,"total":0.0060218999999999993,"children":null},"WriteActionMask":{"count":801,"self":0.0020193999999999998,"total":0.0020193999999999998,"children":null},"RequestDecision":{"count":801,"self":0.023044199999999997,"total":0.0922086,"children":{"AgentInfo.ToProto":{"count":801,"self":0.0170401,"total":0.0691644,"children":{"GenerateSensorData":{"count":801,"self":0.0521243,"total":0.0521243,"children":null}}}}}}},"DecideAction":{"count":801,"self":12.127276799999999,"total":12.1272766,"children":null},"AgentAct":{"count":801,"self":0.0089988999999999989,"total":0.0089988999999999989,"children":null},"AgentInfo.ToProto":{"count":27,"self":0.0009777,"total":0.0019828,"children":{"GenerateSensorData":{"count":27,"self":0.0010050999999999999,"total":0.0010050999999999999,"children":null}}}},"gauges":{"SignalAgent.CumulativeReward":{"count":27,"max":190,"min":-21,"runningAverage":48.9629669,"value":20,"weightedAverage":58.638298}},"metadata":{"timer_format_version":"0.1.0","start_time_seconds":"1664613855","unity_version":"2020.3.33f1","command_line_arguments":"H:\\Program Files\\Unity\\2020.3.33f1\\Editor\\Unity.exe -projectpath F:\\Workstorage\\Unity projects\\Player Control -useHub -hubIPC -cloudEnvironment production -licensingIpc LicenseClient-Local Thang -hubSessionId 4ef856f0-415f-11ed-9aeb-d7f723d826e8 -accessToken KhE0bxoZjr3nzhJuPWU6o0RuK3ZNvkTbBlVsELGJtBI011f","communication_protocol_version":"1.5.0","com.unity.ml-agents_version":"2.2.1-exp.1","scene_name":"T_Roads","end_time_seconds":"1664614450"}}