{"count":1,"self":159.04533759999998,"total":168.5778603,"children":{"InitializeActuators":{"count":1,"self":0.0039978999999999995,"total":0.0039978999999999995,"children":null},"InitializeSensors":{"count":1,"self":0.0050005,"total":0.0050005,"children":null},"AgentSendState":{"count":518,"self":0.0150479,"total":0.0886656,"children":{"CollectObservations":{"count":518,"self":0.0010004,"total":0.0010004,"children":null},"WriteActionMask":{"count":518,"self":0.0029974999999999997,"total":0.0029974999999999997,"children":null},"RequestDecision":{"count":518,"self":0.026021899999999997,"total":0.0696198,"children":{"AgentInfo.ToProto":{"count":518,"self":0.0039997999999999995,"total":0.043597899999999995,"children":{"GenerateSensorData":{"count":518,"self":0.0395981,"total":0.0395981,"children":null}}}}}}},"DecideAction":{"count":518,"self":9.419843199999999,"total":9.4198434999999989,"children":null},"AgentAct":{"count":518,"self":0.0080033999999999991,"total":0.0080033999999999991,"children":null},"AgentInfo.ToProto":{"count":17,"self":0.001015,"total":0.0030099,"children":{"GenerateSensorData":{"count":17,"self":0.0019949,"total":0.0019949,"children":null}}}},"gauges":{"SignalAgent.CumulativeReward":{"count":17,"max":200,"min":-20,"runningAverage":56.1176453,"value":50,"weightedAverage":55.46363}},"metadata":{"timer_format_version":"0.1.0","start_time_seconds":"1667019585","unity_version":"2020.3.33f1","command_line_arguments":"H:\\Program Files\\Unity\\2020.3.33f1\\Editor\\Unity.exe -projectpath F:\\Workstorage\\Unity projects\\Player Control -useHub -hubIPC -cloudEnvironment production -licensingIpc LicenseClient-Local Thang -hubSessionId 605f3560-573c-11ed-bd56-e56155deee33","communication_protocol_version":"1.5.0","com.unity.ml-agents_version":"2.2.1-exp.1","scene_name":"T_Roads","end_time_seconds":"1667019753"}}