Episode, Reward
1, 24.40482, 0, 0
2, 37.49929, 9, 7
3, 31.66452, 7, 7
4, 13.2151, 1, 2
5, 32.72948, 9, 4
6, 9.615013, 0, 1
7, 13.2151, 1, 2
8, 17.82009, 2, 1
9, 9.615013, 0, 1
10, 28.21466, 5, 6
11, 29.02463, 6, 3
12, 37.49929, 10, 9
13, 32.86448, 7, 10
14, 37.49929, 9, 10
15, 27.44969, 4, 6
16, 26.45973, 6, 8
17, 21.11995, 4, 5
18, 13.2151, 1, 2
19, 17.82009, 2, 1
20, 9.615013, 0, 1
