Episode, Reward
1 , 28.24466 , 1 , 5 , 0
2 , 17.92508 , 1 , 3 , 12.975
3 , 29.99959 , 3 , 7 , 17.96998
4 , 28.96463 , 6 , 7 , 59.62521
5 , 29.99959 , 3 , 9 , 37.77003
6 , 27.1947 , 5 , 4 , 86.9704
7 , 29.99959 , 4 , 8 , 21.56995
8 , 29.99959 , 6 , 6 , 68.34023
9 , 29.99959 , 2 , 9 , 30.61499
10 , 29.99959 , 6 , 5 , 82.83039
11 , 29.99959 , 4 , 9 , 26.02496
12 , 22.00492 , 3 , 5 , 84.99042
13 , 29.99959 , 3 , 8 , 24.26997
14 , 22.00492 , 4 , 4 , 85.26033
15 , 29.99959 , 3 , 7 , 19.66497
