{
    "name": "root",
    "gauges": {
        "3DBall.Policy.Entropy.mean": {
            "value": 1.4048343896865845,
            "min": 1.4048343896865845,
            "max": 1.417729139328003,
            "count": 2
        },
        "3DBall.Policy.Entropy.sum": {
            "value": 70415.921875,
            "min": 70415.921875,
            "max": 71096.28125,
            "count": 2
        },
        "3DBall.Environment.EpisodeLength.mean": {
            "value": 32.87652645861601,
            "min": 23.512745098039215,
            "max": 32.87652645861601,
            "count": 2
        },
        "3DBall.Environment.EpisodeLength.sum": {
            "value": 48460.0,
            "min": 47966.0,
            "max": 48460.0,
            "count": 2
        },
        "3DBall.Step.mean": {
            "value": 99972.0,
            "min": 49985.0,
            "max": 99972.0,
            "count": 2
        },
        "3DBall.Step.sum": {
            "value": 99972.0,
            "min": 49985.0,
            "max": 99972.0,
            "count": 2
        },
        "3DBall.Policy.ExtrinsicValueEstimate.mean": {
            "value": 0.641197919845581,
            "min": -0.0015031809452921152,
            "max": 0.641197919845581,
            "count": 2
        },
        "3DBall.Policy.ExtrinsicValueEstimate.sum": {
            "value": 997.7039184570312,
            "min": -3.074005126953125,
            "max": 997.7039184570312,
            "count": 2
        },
        "3DBall.Environment.CumulativeReward.mean": {
            "value": 2.2869063120037114,
            "min": 1.3514467391563199,
            "max": 2.2869063120037114,
            "count": 2
        },
        "3DBall.Environment.CumulativeReward.sum": {
            "value": 3370.8999038934708,
            "min": 2755.599901139736,
            "max": 3370.8999038934708,
            "count": 2
        },
        "3DBall.Policy.ExtrinsicReward.mean": {
            "value": 2.2869063120037114,
            "min": 1.3514467391563199,
            "max": 2.2869063120037114,
            "count": 2
        },
        "3DBall.Policy.ExtrinsicReward.sum": {
            "value": 3370.8999038934708,
            "min": 2755.599901139736,
            "max": 3370.8999038934708,
            "count": 2
        },
        "3DBall.Losses.PolicyLoss.mean": {
            "value": 0.02342876850627363,
            "min": 0.02342876850627363,
            "max": 0.0246413229596025,
            "count": 2
        },
        "3DBall.Losses.PolicyLoss.sum": {
            "value": 0.11714384253136814,
            "min": 0.09856529183841,
            "max": 0.11714384253136814,
            "count": 2
        },
        "3DBall.Losses.ValueLoss.mean": {
            "value": 0.3210100269317627,
            "min": 0.1895384025449554,
            "max": 0.3210100269317627,
            "count": 2
        },
        "3DBall.Losses.ValueLoss.sum": {
            "value": 1.6050501346588135,
            "min": 0.7581536101798216,
            "max": 1.6050501346588135,
            "count": 2
        },
        "3DBall.Policy.LearningRate.mean": {
            "value": 0.00025692157435948,
            "min": 0.00025692157435948,
            "max": 0.0002846178051274,
            "count": 2
        },
        "3DBall.Policy.LearningRate.sum": {
            "value": 0.0012846078717974,
            "min": 0.0011384712205096,
            "max": 0.0012846078717974,
            "count": 2
        },
        "3DBall.Policy.Epsilon.mean": {
            "value": 0.18564052000000003,
            "min": 0.18564052000000003,
            "max": 0.19487260000000003,
            "count": 2
        },
        "3DBall.Policy.Epsilon.sum": {
            "value": 0.9282026000000001,
            "min": 0.7794904000000001,
            "max": 0.9282026000000001,
            "count": 2
        },
        "3DBall.Policy.Beta.mean": {
            "value": 0.004283461948,
            "min": 0.004283461948,
            "max": 0.00474414274,
            "count": 2
        },
        "3DBall.Policy.Beta.sum": {
            "value": 0.02141730974,
            "min": 0.01897657096,
            "max": 0.02141730974,
            "count": 2
        },
        "3DBall.IsTraining.mean": {
            "value": 1.0,
            "min": 1.0,
            "max": 1.0,
            "count": 2
        },
        "3DBall.IsTraining.sum": {
            "value": 1.0,
            "min": 1.0,
            "max": 1.0,
            "count": 2
        }
    },
    "metadata": {
        "timer_format_version": "0.1.0",
        "start_time_seconds": "1657710133",
        "python_version": "3.9.6 (tags/v3.9.6:db3ff76, Jun 28 2021, 15:26:21) [MSC v.1929 64 bit (AMD64)]",
        "command_line_arguments": "D:\\New folder (6)\\T-Juntion\\.venv\\Scripts\\mlagents-learn --resume",
        "mlagents_version": "0.28.0",
        "mlagents_envs_version": "0.28.0",
        "communication_protocol_version": "1.5.0",
        "pytorch_version": "1.12.0+cpu",
        "numpy_version": "1.23.1",
        "end_time_seconds": "1657710433"
    },
    "total": 299.66393689999995,
    "count": 1,
    "self": 0.01151449999997567,
    "children": {
        "run_training.setup": {
            "total": 0.045133599999999996,
            "count": 1,
            "self": 0.045133599999999996
        },
        "TrainerController.start_learning": {
            "total": 299.6072888,
            "count": 1,
            "self": 0.6469246999996017,
            "children": {
                "TrainerController._reset_env": {
                    "total": 7.386297900000001,
                    "count": 1,
                    "self": 7.386297900000001
                },
                "TrainerController.advance": {
                    "total": 291.3572138000004,
                    "count": 14698,
                    "self": 0.6412823000018193,
                    "children": {
                        "env_step": {
                            "total": 230.33783299999817,
                            "count": 14698,
                            "self": 208.4495886999995,
                            "children": {
                                "SubprocessEnvManager._take_step": {
                                    "total": 21.46812819999765,
                                    "count": 14698,
                                    "self": 1.5753040999974175,
                                    "children": {
                                        "TorchPolicy.evaluate": {
                                            "total": 19.892824100000233,
                                            "count": 11444,
                                            "self": 3.767934899999709,
                                            "children": {
                                                "TorchPolicy.sample_actions": {
                                                    "total": 16.124889200000524,
                                                    "count": 11444,
                                                    "self": 16.124889200000524
                                                }
                                            }
                                        }
                                    }
                                },
                                "workers": {
                                    "total": 0.4201161000010014,
                                    "count": 14697,
                                    "self": 0.0,
                                    "children": {
                                        "worker_root": {
                                            "total": 226.90445869999954,
                                            "count": 14697,
                                            "is_parallel": true,
                                            "self": 115.47927290000005,